title;slug;url;seo_title;meta_description;keywords;primary_keyword
Tahá mě za nos? Jak poznat, že někdo udržuje zájem jen napůl;taha-me-za-nos.html;https://crushmeter.cz/blog/taha-me-za-nos.html;Tahá mě za nos? Signály polovičního zájmu;Jak poznat, že tě někdo tahá za nos, drží si tě v záloze nebo jen udržuje pozornost? Praktický pohled bez manipulace a falešných jistot.;tahá mě za nos, poloviční zájem, vztahová nejistota, mixed signals, nezávazný flirt;tahá mě za nos
Ozývá se jen občas: znamená to nezájem, nebo jiný styl komunikace?;ozyva-se-jen-obcas.html;https://crushmeter.cz/blog/ozyva-se-jen-obcas.html;Ozývá se jen občas: nezájem, nebo styl komunikace?;Co znamená, když se někdo ozývá jen občas? Jak rozlišit nezájem, vytíženost, nejistotu a komunikaci bez skutečného směru.;ozývá se jen občas, neodepisuje, vztahová komunikace, nezájem, crush zprávy;ozývá se jen občas
Proč si vybíráme nedostupné lidi a proč nás to tolik drží;proc-si-vybirame-nedostupne-lidi.html;https://crushmeter.cz/blog/proc-si-vybirame-nedostupne-lidi.html;Proč si vybíráme nedostupné lidi ve vztazích;Proč nás přitahují nedostupní lidé, nejasný zájem a vztahová nejistota? Praktický pohled na vzorce, které se často opakují.;nedostupní lidé, citově nedostupný člověk, vztahová nejistota, nejasný zájem, crush;nedostupní lidé
Jak začít konverzaci s crushem přirozeně a bez trapného tlaku;jak-zacit-konverzaci-s-crushem.html;https://crushmeter.cz/blog/jak-zacit-konverzaci-s-crushem.html;Jak začít konverzaci s crushem přirozeně;Jak napsat crushi nebo začít rozhovor bez trapného tlaku? Praktické tipy na přirozenou komunikaci, otázky a první krok.;jak začít konverzaci s crushem, co napsat crushi, první zpráva, flirt, crush komunikace;jak začít konverzaci s crushem
Co dělat, když crush neodepisuje: nepanikař, ale nevymýšlej pohádky;co-delat-kdyz-crush-neodepisuje.html;https://crushmeter.cz/blog/co-delat-kdyz-crush-neodepisuje.html;Co dělat, když crush neodepisuje;Crush neodepisuje? Jak zachovat klid, rozlišit běžnou pauzu od nezájmu a nepřizpůsobit svoji hodnotu jedné zprávě.;crush neodepisuje, neodepisuje mi, co dělat když neodepisuje, vztahová nejistota, zprávy;crush neodepisuje
Online signály zájmu: co může naznačovat zpráva, reakce nebo story;online-signaly-zajmu.html;https://crushmeter.cz/blog/online-signaly-zajmu.html;Online signály zájmu ve zprávách a na sítích;Jak číst online signály zájmu ve zprávách, reakcích a stories? Co může něco naznačovat a co ještě nemusí znamenat romantický zájem.;online signály zájmu, signály ve zprávách, crush na Instagramu, flirt online, reakce na stories;online signály zájmu
První rande: čeho si všímat, když chceš poznat skutečný zájem;prvni-rande-ceho-si-vsimat.html;https://crushmeter.cz/blog/prvni-rande-ceho-si-vsimat.html;První rande: čeho si všímat u zájmu;Na prvním rande nejde jen o chemii. Čeho si všímat v komunikaci, respektu, energii a chování, když chceš poznat skutečný zájem.;první rande, čeho si všímat na rande, signály zájmu, vztahová kompatibilita, chemie;první rande
Kdy napsat první a kdy raději ubrat: zdravý pohled na iniciativu;kdy-napsat-prvni.html;https://crushmeter.cz/blog/kdy-napsat-prvni.html;Kdy napsat první a kdy ve vztahu ubrat;Máš napsat první, nebo počkat? Jak poznat zdravou iniciativu, jednostranný zájem a moment, kdy je lepší ubrat.;kdy napsat první, mám napsat první, jednostranný zájem, vztahová komunikace, crush zprávy;kdy napsat první
Je to chemie, nebo kompatibilita? Jak poznat rozdíl včas;chemie-nebo-kompatibilita.html;https://crushmeter.cz/blog/chemie-nebo-kompatibilita.html;Chemie nebo kompatibilita? Jak poznat rozdíl;Silná chemie ještě neznamená vztahovou kompatibilitu. Jak poznat rozdíl mezi přitažlivostí, nejistotou a skutečným potenciálem.;chemie nebo kompatibilita, vztahová chemie, vztahová kompatibilita, přitažlivost, vztahový potenciál;chemie nebo kompatibilita
Kdy se zeptat, kam to mezi vámi směřuje, a jak to říct normálně;kdy-se-zeptat-na-vztah.html;https://crushmeter.cz/blog/kdy-se-zeptat-na-vztah.html;Kdy se zeptat, kam vztah směřuje;Kdy a jak se zeptat, kam to mezi vámi směřuje? Praktický návod bez nátlaku, her a zbytečné dramatizace.;kam to směřuje, kdy se zeptat na vztah, nejasný vztah, vztahová komunikace, situationship;kam to směřuje
